First Name,Last Name,Full Name,Primary Tech Core
Ishan,Shah,Ishan Shah,Software Engineering
Jacob,Stokes,Jacob Stokes,Software Engineering
Sohaib,Khan,Sohaib Khan,Software Engineering
Savithri,Ramamoorthy,Savithri Ramamoorthy,Software Engineering
Umar,Choudry,Umar Choudry,Software Engineering
Lindsey,Kim,Lindsey Kim,Software Engineering
Tyler,Takeyama,Tyler Takeyama,Software Engineering
Tiffany,Lam,Tiffany Lam,Software Engineering
Aarya,Atluri,Aarya Atluri,Software Engineering
